"Slot","Name","Cost","Color","Melee/Ranged","Type","Subtype","Effectiveness (0-4 = common, 5-8 = uncommon, 9-10 = rare)","Rules","Flavor","Attack Power","Health","Image","Artist","Notes",,"Name Size","Subtype Size","Has PH","Color Calculator","Iconified Cost","Iconified Rules","Italicized Type","Setted Slot",,
"0_001","Broken Bone",0,#NAME?,,"Asset","<u>Transient</u> Latent Tragedy","0","<p><center><u>Transient</u> (If ~ would enter your discard pile, instead remove it from the game.)</center></p><p>When you draw ~, reveal it, then choose a combatant you control to attach it to.</p><p>The attached asset has -1/-1.</p>",,,,,,,,60,35,#NAME?,#NAME?,#NAME?,#NAME?,"[i]Asset[/i]","RS_0_001",,
"M_CMDR_RO_001","M_CMDR_RO_001",,#NAME?,,,"Doubt Slinger","Doubt Slinger","Doubt Slinger","Doubt Slinger",#VALUE!,#VALUE!,,,"Doubt Slinger",,60,35,#NAME?,#NAME?,#NAME?,#NAME?,"[i][/i]","RS_M_CMDR_RO_001",,
"MR_RO_001","Some Punk Insults You to Your Face...","RO",#NAME?,,"Effect","<u>Decision</u>","9","<center><u>Decision</u> (Every option chosen adds its associated cost to the cost of deploying ~.), <u>Retribution</u></center><p>Choose a player:<ul><i>Deformation Campaign [1]</i> -- They may discard any number of cards in their hand. Shuffle X (X is the number of cards in their hand) <i>'Doubt'</i>s into their deck.<br/><i>Intimidation Campaign [R][O]</i> -- For each tragedy card in their deck, shuffle another copy of that tragedy into their deck.</ul></p>",,"","",,,,,60,35,#NAME?,#NAME?,#NAME?,#NAME?,"[i]Effect[/i]","RS_MR_RO_001","4RO",
"OO_001b","Ebony Thug","2OO",#NAME?,"Ranged","Asset","Augmented Mobster","9","<center>Whenever a Mobster you control deals damage to a player, create a <i>'Backstreet Henchman'</i> on the battlefield.</center>",,4,2,,,,,60,35,#NAME?,#NAME?,#NAME?,#NAME?,"[i]Asset[/i]","RS_OO_001b","4O",
"OO_001b","Backstreet Henchman","R",#NAME?,"Melee","Asset","<u>Transient</u> Human Mobster","0","<center><u>Transient</u> (If ~ would enter your discard pile, instead remove it from the game.)</center><p>Whenever ~ is intercepted, shuffle a <i>'Broken Bone'</i> into the interceptor's deck.</p>",,2,2,,,,,60,35,#NAME?,#NAME?,#NAME?,#NAME?,"[i]Asset[/i]","RS_OO_001b","2R",
"RR_001","Ebony Grenadier","1RROO",#NAME?,"Ranged","Asset","Augmented Mobster","9","<p>Whenever your commander loses loyalty, other combatants get -1/-1 until end of turn.</p><p>If there are no other combatants on the battlefield, <u>Forfeit</u> (Put the specified card into its owner's discard.) ~.</p>","""The respirator in my throat will stop the gas, least that's what they told me.""",2,2,,,,,60,35,#NAME?,#NAME?,#NAME?,#NAME?,"[i]Asset[/i]","RS_RR_001",,
"R","R",,#NAME?,,,,,"prepare, exchange, append, go second, discovery",,"","",,,,,60,35,#NAME?,#NAME?,#NAME?,#NAME?,"[i][/i]","RS_R",,
"MU_RO_001","?, Back Alley Double Agent","1RO",#NAME?,"Melee","R. Asset","Augmented Spy","5","<center>(Becomes <i>'?'s Counter-Espionage'</i> if there is already a ~ on the battlefield.)</center><p>~@ enters the battlefield under the control of an opponent of your choice.</p><p>Any player may pay ~@'s cost to gain control of it.</p><p>Whenever ~@ attacks, you draw a card and shuffle 2 <i>'Doubt'</i>s into your deck.</p>",,6,4,,,,,60,35,#NAME?,#NAME?,#NAME?,#NAME?,"[i]R. Asset[/i]","RS_MU_RO_001","3RO",
"MU_RO_001b","?'s Counter-Espionage","__","Multicolor",,"R. Effect","<u>Response</u>","0","<center>(This effect can only be deployed if you control a renowned asset.  [_] can be paid with [R] or [O].)<br/><u>Rumor 3</u> (The owner of ~'s target shuffles 3 <i>'Doubt'</i>s into their deck.)</center><p>Choose 2 players; shuffle all tragedy cards in the first player's deck into the second player's deck.</p><p><u>Personal</u> (Shuffle <i>'?, Back Alley Double Agent'</i> into your deck.)</p>",,,,,,,,60,35,#NAME?,#NAME?,#NAME?,#NAME?,"[i]R. Effect[/i]","RS_MU_RO_001b","__",
"RU_004","Back Alley Beatdown","3RR",#NAME?,,"Effect","<u>Response</u>","7","<center><u>Warrant</u> (When you deploy ~, shuffle an 'Incarceration' into your deck.)</center><p>Chose an asset; until end of turn, gain control of it.</p><p>That asset's owner shuffles 2 <i>'Broken Bone'</i>s into their deck.</p>",,"","",,,,,60,35,#NAME?,#NAME?,#NAME?,#NAME?,"[i]Effect[/i]","RS_RU_004","5RR",
"RU_005","Pinch Pennies","RO",#NAME?,,"Effect",,"5","Choose an opponent, then that opponent has a 75% chance to discard the card in their hand with lowest generalized cost, otherwise that opponent discards the card in their hand with highest generalized cost.",,"","",,,,,60,35,#NAME?,#NAME?,#NAME?,#NAME?,"[i]Effect[/i]","RS_RU_005","2RO",
"U","U",,#NAME?,,,,,,,"","",,,,,60,35,#NAME?,#NAME?,#NAME?,#NAME?,"[i][/i]","RS_U",,
"U","U",,#NAME?,,,,,,,"","",,,,,60,35,#NAME?,#NAME?,#NAME?,#NAME?,"[i][/i]","RS_U",,
"U","U",,#NAME?,,,,,,,"","",,,,,60,35,#NAME?,#NAME?,#NAME?,#NAME?,"[i][/i]","RS_U",,
"C","C",,#NAME?,,,,,,,"","",,,,,60,35,#NAME?,#NAME?,#NAME?,#NAME?,"[i][/i]","RS_C",,
"C","C",,#NAME?,,,,,,,"","",,,,,60,35,#NAME?,#NAME?,#NAME?,#NAME?,"[i][/i]","RS_C",,
"C","C",,#NAME?,,,,,,,"","",,,,,60,35,#NAME?,#NAME?,#NAME?,#NAME?,"[i][/i]","RS_C",,
"C","C",,#NAME?,,,,,,,"","",,,,,60,35,#NAME?,#NAME?,#NAME?,#NAME?,"[i][/i]","RS_C",,
"C","C",,#NAME?,,,,,,,"","",,,,,60,35,#NAME?,#NAME?,#NAME?,#NAME?,"[i][/i]","RS_C",,
"C","C",,#NAME?,,,,,,,"","",,,,,60,35,#NAME?,#NAME?,#NAME?,#NAME?,"[i][/i]","RS_C",,
"C","C",,#NAME?,,,,,,,"","",,,,,60,35,#NAME?,#NAME?,#NAME?,#NAME?,"[i][/i]","RS_C",,
"C","C",,#NAME?,,,,,,,"","",,,,,60,35,#NAME?,#NAME?,#NAME?,#NAME?,"[i][/i]","RS_C",,
"C","C",,#NAME?,,,,,,,"","",,,,,60,35,#NAME?,#NAME?,#NAME?,#NAME?,"[i][/i]","RS_C",,
"M_CMDR_RY_001","Blossom, Battle-master","1RY",#NAME?,"Melee","Commander","Augmented Female Gladiator","9","<center>(Becomes <i>'Blossom's Burn the Ring'</i> if you already control ~@.)</center><p>Each time ~@ has seen you deploy 3 effects choosing combatants you control, at end of turn, you may return 1 of those effects from your discard pile to your hand.</p><p><b><i>As Asset</i></b> -- Whenever a combatant you control dies, create a <u>fleeting</u> (Discard it at end of turn.), <u>transient</u> (If ~ would enter your discard pile, instead remove it from the game.) <i>'Torment the Opponent'</i> in your hand.</p>","""'In this business you fight or you die.' My handler gave me that advice when I was first captured, but I was the one to teach him what it meant.""",6,4,,,,,60,35,#NAME?,#NAME?,#NAME?,#NAME?,"[i]Commander[/i]","RS_M_CMDR_RY_001","3RY",
"M_CMDR_RY_001b","Blossom's Burn the Ring","RY",#NAME?,,"R. Effect","<u>Personal</u> Style <u>Response</u>","0","<center>(This effect can only be deployed if you control a renowned asset.)</center><p>Choose up to 3 assets or players; ~ deals 6 damage split between them.</p><p><u>Personal</u> (Shuffle <i>'Blossom, Battle-master'</i> into your deck.)</p>","""I am a slave as much as the others... a slave everyone placates out of fear.""",,,,,,,60,35,#NAME?,#NAME?,#NAME?,#NAME?,"[i]R. Effect[/i]","RS_M_CMDR_RY_001b","2RY",
"RY_001","Frugal Angel","1YY",#NAME?,"Melee","Asset","Augmented Female Gladiator","9","<center><u>Exchange [R][Y]</u> (Pay [R][Y], Discard ~ from your hand: Draw a card.)</center><p>Whenever ~ attacks, create a <i>'Savings'</i> in your hand.</p>","""3 more matches and I'll have enough money to get someplace they'll never be able to find me."" <p>-- Kazu Koshisaka</p>",5,5,,,,,60,35,#NAME?,#NAME?,#NAME?,#NAME?,"[i]Asset[/i]","RS_RY_001","3YY",
"MR_RY_001","Reaction Augmenter","RY",#NAME?,,"Asset","Equipment <u>Augmentation</u>","9","<center>(If a Human asset has an Augmentation attached, it becomes Augmented.)</center><p>When ~ enters the battlefield, choose a combatant to attach it to.</p><p>The attached combatant gets +2/+2 and <u>brutal</u> (It deals combat damage before assets without brutal.)</p><p>Whenever the attached asset kills a combatant it permanently gets +1/+1.</p>",,"","",,,,,60,35,#NAME?,#NAME?,#NAME?,#NAME?,"[i]Asset[/i]","RS_MR_RY_001","2RY",
"MR_RY_002","Angel Trafficking","XXXRY",#NAME?,,"R. Effect",,"9","<p><center><u>Prepare 4 -- [R][Y]</u> (Pay [R][Y] and put ~ into your deck fourth from the top. When you would draw ~, instead deploy it without paying its cost.)</center></p><p>Choose up to [X] (X is 2 if you prepared.) Human combatants; you permanently gain control of them. They become melee Augmented Gladiators with <u>Transient</u> <i>'Vital Tracker'</i>s attached.</p>",,"","",,,,,60,35,#NAME?,#NAME?,#NAME?,#NAME?,"[i]R. Effect[/i]","RS_MR_RY_002","XXXRY",
"MR_RY_003","Hana Shintsuu","____","Multicolor","Melee","R. Asset","Augmented Female Gladiator","9","<center>(Becomes <i>'Blossom's Rise'</i> if you already control ~. [_] can be paid with either [R] or [Y].)</center><p>~ enters the battlefield with your choice of <u>brutal</u> (~ deals combat damage before assets without brutal.) or <u>armed -- 'Angel's Katana'</u> (~ enters the battlefield with a transient <i>'Angel's Katana'</i> attached to it.)</p><p>Whenever a Gladiator attacks you may deploy a Style card from your discard pile choosing it.</p>","""None of the others seem to have noticed that we've all been spayed. How can they be so dense?""",7,7,,,,,60,35,#NAME?,#NAME?,#NAME?,#NAME?,"[i]R. Asset[/i]","RS_MR_RY_003","5___",
"MR_RY_003b","Blossom's Rise","RRRYYY","Multicolor",,"R. Effect","<u>Personal</u>","0","<center>(This effect can only be deployed if you control a renowned asset.)<br/><u>Retribution</u> (When you draw ~ as a result of taking damage, you may deploy it without paying its cost.)</center><p>Kill a combatant of your choice, then add energy to your bank equal to its cost (including energy type.)</p><p><u>Personal</u> (Shuffle <i>'Hana Shintsuu'</i> into your deck.)</p>","""What are you doing Hana? Put the sword down!"" <p>-- Hana's Handler</p>",,,,,,,60,35,#NAME?,#NAME?,#NAME?,#NAME?,"[i]R. Effect[/i]","RS_MR_RY_003b","5RRYY",
"MU_RY_001","Torment the Opponent","RY",#NAME?,,"Effect","Style <u>Response</u>","5","Choose a melee combatant you control; until end of turn, it gets +2/+3 and <u>brutal</u> (It deals combat damage before assets without brutal.). Choose a combatant an opponent controls with equal or lesser generalized cost; it becomes utilized and, until end of turn, gets -3/-2.",,"","",,,,,60,35,#NAME?,#NAME?,#NAME?,#NAME?,"[i]Effect[/i]","RS_MU_RY_001","2RY",
"MU_RY_004","Angel Pit Announcer","2RY",#NAME?,,"R. Asset","AI Announcer","7","<p>Each explicitly Female combatant you control enters the battlefield with <u>Armed -- 'Angel's Katana'</u> (They enter the battlefield with a transient <i>'Angel's Katana'</i> attached to them.)</p><p>Each time ~ has seen 2 combatants die, you may search your deck for a style card, put it into your discard pile, then shuffle your deck.</p>","""I hope the boys downstairs know how to give a girl a new stomach folks! Because Kazue's just went flying out of the ring.""","","",,,,,60,35,#NAME?,#NAME?,#NAME?,#NAME?,"[i]R. Asset[/i]","RS_MU_RY_004","5RY",
"MU_RY_002","Pindown the Opponent","2RY",#NAME?,,"Effect","Style","5","<center><u>Append to Opponent's Effect [R][Y]</u> (As an opponent deploys an effect you may reveal ~ and pay [R][Y]. If you do add this card's effects as it resolves; it loses those effects once it leaves the stack.)</center><p>Choose a combatant you control and another you don't control; the combatant you don't control is utilized and can't be refreshed as long as the combatant you control remains on the battlefield.</p>",,"","",,,"Clunky wording?",,60,35,#NAME?,#NAME?,#NAME?,#NAME?,"[i]Effect[/i]","RS_MU_RY_002","4RY",
"MU_RY_003","Your Opponent Lies Bloodied on the Ground...","RY",#NAME?,,"Effect","Style <u>Decision</u> <u>Response</u>","7","<p>Choose a melee combatant; until end of turn, it gains <u>permanence</u>.</p><p><ul><i>Brutalize Them [R][Y]</i> -- Then choose another combatant; The first deals damage equal to its attack power to the second, then the second gains <u>bleeding</u> (At the end of its owner's turn the specified asset permanently loses 1 health.).<br/><i>Walk Away [1]</i> -- That combatant permanently gains +0/+1, draw 2 cards, then your commander loses 2 loyalty.</ul></p>",,"","",,,,,60,35,#NAME?,#NAME?,#NAME?,#NAME?,"[i]Effect[/i]","RS_MU_RY_003","3RY",
"RU_001","Overexposed Finishing Blow","1RY",#NAME?,,"Effect","Style","5","<p>~ costs [1] less if you didn't go first.</p><p>Choose a melee combatant; until end of turn, it both deals and takes double damage.</p>",,"","",,,"Too Strong?",,60,35,#NAME?,#NAME?,#NAME?,#NAME?,"[i]Effect[/i]","RS_RU_001","3RY",
"YU_001","High Kick","1Y",#NAME?,,"Effect","Style <u>Response</u>","6","<p>Choose an explicitly Female, melee combatant; until end of turn, it gets +4/-2.</p><p>If ~ is deployed during combat, after interceptors have been declared, until end of turn, gain control of a <u>Male</u> (If a card doesn't explicitly say Male or Female it counts as both.) combatant not actively participating in combat of your choice. Refresh that asset.</p>",,"","",,,,,60,35,#NAME?,#NAME?,#NAME?,#NAME?,"[i]Effect[/i]","RS_YU_001","3Y",
"MC_RY_001","Masochistic Angel","__","Multicolor","Melee","Asset","Augmented Female Gladiator","3","([_] can be paid with either [R] or [Y].)<p>Whenever ~ is chosen, until end of turn, it gets +2/+0.</p>",,5,6,,,,,60,35,#NAME?,#NAME?,#NAME?,#NAME?,"[i]Asset[/i]","RS_MC_RY_001","__",
"MC_RY_002","Nether Stomp","__","Multicolor",,"Effect","Style <u>Response</u>","2","<center>([_] can be paid with either [R] or [Y])</center><p><center><u>Advantageous</u> (When ~ resolves, draw a card.)</center></p><p>Choose a melee combatant you control and another combatant; the combatant you control deals damage equal to its attack power to the one you don't.</p>",,"","",,,,,60,35,#NAME?,#NAME?,#NAME?,#NAME?,"[i]Effect[/i]","RS_MC_RY_002","__",
"CC_001","Angel's Katana",2,#NAME?,,"Asset","Equipment Sword","3","<center><u>Tradeable</u></center><p>When ~ enters the battlefield, choose a combatant to attach it to</p><p>The attached combatant gets +3/+0, <u>permanence</u>, and melee.</p><p><u>Throw</u>, [T] the attached asset, <u>Forfeit</u> (Put the specified card into its owner's discard.) ~: Return a Style card from your discard pile to your hand.</p>",,"","",,,,,60,35,#NAME?,#NAME?,#NAME?,#NAME?,"[i]Asset[/i]","RS_CC_001",4,
"YR_001","Underworld Crowd","2YY",#NAME?,,"Asset","Human Mob","2","<center><u>Mob</u> (You, not your opponent, choose how combat damage is divided among the intercepted and intercepting mobs you control.), <u>Warrant</u> (When you deploy ~, shuffle an 'Incarceration' into your deck.)</center><p>~ can't be damaged or chosen by anything Order ([B]).</p>","""All of our patrons know how to avoid the authorities... can't afford to have our little operation exposed. That would be very bad for business."" <p>-- Kyoko</p>",8,8,,,,,60,35,#NAME?,#NAME?,#NAME?,#NAME?,"[i]Asset[/i]","RS_YR_001","4YY",
"RC_001","Sadistic Angel","2R",#NAME?,"Melee","Asset","Augmented Female Gladiator","2","<center><u>Armed -- 'Angel's Katana'</u> (~ enters the battlefield with a transient <i>'Angel's Katana'</i> attached to it.), <u>Retribution</u> (When you draw ~ as a result of taking damage, you may deploy it without paying its cost.)</center>","""You know if I take an arm with me during a fight... their handler will just get them a new one.""",2,6,,,,,60,35,#NAME?,#NAME?,#NAME?,#NAME?,"[i]Asset[/i]","RS_RC_001","4R",
"RC_002","Rookie Angel","RR",#NAME?,"Melee","Asset","Human Child Female Gladiator","3","<center><u>Brutal</u> (~ deals combat damage before assets without brutal.), <u>Bleeding</u> (At the end of your turn ~ permanently loses 1 health.)</center>","""You better not lose another fight! You hear me? Unless you want a long hard week in the red light district.""<p>-- Handler</p>",5,6,,,,,60,35,#NAME?,#NAME?,#NAME?,#NAME?,"[i]Asset[/i]","RS_RC_002","2RR",
"RC_003","Match Thrower","YY",#NAME?,"Melee","Asset","Human Female Gladiator","2","<center><u>Exchange [R]</u> (Pay [R], Discard ~ from your hand: Draw a card.)</center><p>When ~ enters the battlefield, it permanently gets -4/-4 unless an opponent of your choice draws 2 cards.</p>",,4,6,,,,,60,35,#NAME?,#NAME?,#NAME?,#NAME?,"[i]Asset[/i]","RS_RC_003","2YY",
"MC_RY_003","Angel Handler","__","Multicolor","Melee","Asset","Human Executive","1","<center>([_] can be paid with either [R] or [Y])<br/><u>Advantageous</u> (When ~ resolves, draw a card.), <u>Armed -- 'Ballistic Pistol'</u> (~ enters the battlefield with a transient <i>'Ballistic Pistol'</i> attached to it.)</center>",,3,3,,,,,60,35,#NAME?,#NAME?,#NAME?,#NAME?,"[i]Asset[/i]","RS_MC_RY_003","__",
"CC_002","Vital Tracker",2,#NAME?,,"Asset","Equipment Link","1","<p>When ~ enters the battlefield, choose a combatant you own to attach it to.</p><p>At the beginning of your turn, if you don't control the attached asset, gain control of it.</p>","""I may have a throne and the power that comes from fear... but I am just as much a prisoner as any of the others"" <p>-- Hana</p>","","",,,,,60,35,#NAME?,#NAME?,#NAME?,#NAME?,"[i]Asset[/i]","RS_CC_002",5,
"MR_RY_004","Unhinged Pyromaniac","3RY",#NAME?,"Ranged","Asset","Augmented Female Gladiator","9","<center>Effects you control have <u>permanence</u> (Damage they deal permanently reduces the health of assets which they damage.)</center>","""Ashes! Ashes! They all fall down!""",7,9,,,,,60,35,#NAME?,#NAME?,#NAME?,#NAME?,"[i]Asset[/i]","RS_MR_RY_004","5RY",
"YU_005","Pit's Red Light District","__","Multicolor",,"Asset","Prison","5","([_] can be paid with either [R] or [Y])<p>When you deploy ~, choose a combatant you control; set it aside until ~ leaves the battlefield. At the end of each of your turns, the set aside asset permanently gets -1/-1, if it would die <u>Forfeit</u> (Put the specified card into its owner's discard.) ~.</p><p>[T]: Add 1 energy of the set aside asset's type.</p><p>[T]: <u>Forfeit</u> ~.</p>",,,,,,,,60,35,#NAME?,#NAME?,#NAME?,#NAME?,"[i]Asset[/i]","RS_YU_005","__",
"RYPG","Angel Pit Arena",,"Multicolor",,"Generator",,5,"<center>(Generators are not assets or effects. You may only play ~ whenever you have the option to hire a generator, instead of hiring any other card as a generator.)</center><p>When you hire ~ choose a combatant you control; it permanently gains <u>bleeding</u>.</p><p>[T], <u>Forfeit</u> (Put the specified card into its owner's discard.) ~: You may search your deck of an Emotion or Entropy card; if you do, hire it as a generator, then shuffle your deck.</p>",,,,,,,,60,35,#NAME?,#NAME?,#NAME?,#NAME?,"[i]Generator[/i]","RS_RYPG",,
"M_CMDR_RG_001","M_CMDR_RG_001",,#NAME?,,,"robot reanimator","robot reanimator","robot reanimator","robot reanimator",#VALUE!,#VALUE!,,,"Clearview Dynamics/Robot Reanimator",,60,35,#NAME?,#NAME?,#NAME?,#NAME?,"[i][/i]","RS_M_CMDR_RG_001",,
"R","R",,#NAME?,,,,,"prepare, exchange, append, go second, retribution, discovery, decision",,"","",,,,,60,35,#NAME?,#NAME?,#NAME?,#NAME?,"[i][/i]","RS_R",,
"R","R",,#NAME?,,,,,,,"","",,,,,60,35,#NAME?,#NAME?,#NAME?,#NAME?,"[i][/i]","RS_R",,
"R","R",,#NAME?,,,,,,,"","",,,,,60,35,#NAME?,#NAME?,#NAME?,#NAME?,"[i][/i]","RS_R",,
"R","R",,#NAME?,,,,,,,"","",,,,,60,35,#NAME?,#NAME?,#NAME?,#NAME?,"[i][/i]","RS_R",,
"U","U",,#NAME?,,,,,,,"","",,,,,60,35,#NAME?,#NAME?,#NAME?,#NAME?,"[i][/i]","RS_U",,
"U","U",,#NAME?,,,,,,,"","",,,,,60,35,#NAME?,#NAME?,#NAME?,#NAME?,"[i][/i]","RS_U",,
"U","U",,#NAME?,,,,,,,"","",,,,,60,35,#NAME?,#NAME?,#NAME?,#NAME?,"[i][/i]","RS_U",,
"U","U",,#NAME?,,,,,,,"","",,,,,60,35,#NAME?,#NAME?,#NAME?,#NAME?,"[i][/i]","RS_U",,
"U","U",,#NAME?,,,,,,,"","",,,,,60,35,#NAME?,#NAME?,#NAME?,#NAME?,"[i][/i]","RS_U",,
"U","U",,#NAME?,,,,,,,"","",,,,,60,35,#NAME?,#NAME?,#NAME?,#NAME?,"[i][/i]","RS_U",,
"C","C",,#NAME?,,,,,,,"","",,,,,60,35,#NAME?,#NAME?,#NAME?,#NAME?,"[i][/i]","RS_C",,
"C","C",,#NAME?,,,,,,,"","",,,,,60,35,#NAME?,#NAME?,#NAME?,#NAME?,"[i][/i]","RS_C",,
"C","C",,#NAME?,,,,,,,"","",,,,,60,35,#NAME?,#NAME?,#NAME?,#NAME?,"[i][/i]","RS_C",,
"C","C",,#NAME?,,,,,,,"","",,,,,60,35,#NAME?,#NAME?,#NAME?,#NAME?,"[i][/i]","RS_C",,
"C","C",,#NAME?,,,,,,,"","",,,,,60,35,#NAME?,#NAME?,#NAME?,#NAME?,"[i][/i]","RS_C",,
"C","C",,#NAME?,,,,,,,"","",,,,,60,35,#NAME?,#NAME?,#NAME?,#NAME?,"[i][/i]","RS_C",,
"C","C",,#NAME?,,,,,,,"","",,,,,60,35,#NAME?,#NAME?,#NAME?,#NAME?,"[i][/i]","RS_C",,
"C","C",,#NAME?,,,,,,,"","",,,,,60,35,#NAME?,#NAME?,#NAME?,#NAME?,"[i][/i]","RS_C",,
"C","C",,#NAME?,,,,,,,"","",,,,,60,35,#NAME?,#NAME?,#NAME?,#NAME?,"[i][/i]","RS_C",,
"M_CMDR_RB_001","M_CMDR_RB_001",,#NAME?,,,"self mill","self mill","self mill","self mill",#VALUE!,#VALUE!,,,"self mill",,60,35,#NAME?,#NAME?,#NAME?,#NAME?,"[i][/i]","RS_M_CMDR_RB_001",,
"R","R",,#NAME?,,,,,"prepare, exchange, append, go second, retribution, discovery, decision",,"","",,,,,60,35,#NAME?,#NAME?,#NAME?,#NAME?,"[i][/i]","RS_R",,
"R","R",,#NAME?,,,,,,,"","",,,,,60,35,#NAME?,#NAME?,#NAME?,#NAME?,"[i][/i]","RS_R",,
"R","R",,#NAME?,,,,,,,"","",,,,,60,35,#NAME?,#NAME?,#NAME?,#NAME?,"[i][/i]","RS_R",,
"R","R",,#NAME?,,,,,,,"","",,,,,60,35,#NAME?,#NAME?,#NAME?,#NAME?,"[i][/i]","RS_R",,
"U","U",,#NAME?,,,,,,,"","",,,,,60,35,#NAME?,#NAME?,#NAME?,#NAME?,"[i][/i]","RS_U",,
"U","U",,#NAME?,,,,,,,"","",,,,,60,35,#NAME?,#NAME?,#NAME?,#NAME?,"[i][/i]","RS_U",,
"U","U",,#NAME?,,,,,,,"","",,,,,60,35,#NAME?,#NAME?,#NAME?,#NAME?,"[i][/i]","RS_U",,
"U","U",,#NAME?,,,,,,,"","",,,,,60,35,#NAME?,#NAME?,#NAME?,#NAME?,"[i][/i]","RS_U",,
"U","U",,#NAME?,,,,,,,"","",,,,,60,35,#NAME?,#NAME?,#NAME?,#NAME?,"[i][/i]","RS_U",,
"U","U",,#NAME?,,,,,,,"","",,,,,60,35,#NAME?,#NAME?,#NAME?,#NAME?,"[i][/i]","RS_U",,
"C","C",,#NAME?,,,,,,,"","",,,,,60,35,#NAME?,#NAME?,#NAME?,#NAME?,"[i][/i]","RS_C",,
"C","C",,#NAME?,,,,,,,"","",,,,,60,35,#NAME?,#NAME?,#NAME?,#NAME?,"[i][/i]","RS_C",,
"C","C",,#NAME?,,,,,,,"","",,,,,60,35,#NAME?,#NAME?,#NAME?,#NAME?,"[i][/i]","RS_C",,
"C","C",,#NAME?,,,,,,,"","",,,,,60,35,#NAME?,#NAME?,#NAME?,#NAME?,"[i][/i]","RS_C",,
"C","C",,#NAME?,,,,,,,"","",,,,,60,35,#NAME?,#NAME?,#NAME?,#NAME?,"[i][/i]","RS_C",,
"C","C",,#NAME?,,,,,,,"","",,,,,60,35,#NAME?,#NAME?,#NAME?,#NAME?,"[i][/i]","RS_C",,
"C","C",,#NAME?,,,,,,,"","",,,,,60,35,#NAME?,#NAME?,#NAME?,#NAME?,"[i][/i]","RS_C",,
"C","C",,#NAME?,,,,,,,"","",,,,,60,35,#NAME?,#NAME?,#NAME?,#NAME?,"[i][/i]","RS_C",,
"C","C",,#NAME?,,,,,,,"","",,,,,60,35,#NAME?,#NAME?,#NAME?,#NAME?,"[i][/i]","RS_C",,
"M_CMDR_RP_001","?, Media Mogul","1RP",#NAME?,"Melee","Commander","Human Reporter","6","<p><i>As Commander</i> -- Each player plays with the top card of their deck revealed.</p><p><i>As Asset</i> -- [T]: Each player <u>decays 1</u> (They each put the top card of their deck into their discard.)</p>",,4,4,,,"Top of deck control/Media empire",,60,35,#NAME?,#NAME?,#NAME?,#NAME?,"[i]Commander[/i]","RS_M_CMDR_RP_001","3RP",
"M_CMDR_RP_001b","M_CMDR_RP_001b",,,,,,,,,,,,,,,60,35,#NAME?,#NAME?,#NAME?,#NAME?,"[i][/i]","RS_M_CMDR_RP_001b",,
"CR_002","Evidence Camera",2,#NAME?,,"Asset","Camera","9","<p>[T]: Look at the top card of any player's deck, you may put it on the bottom.</p><p>[1][P], [T]: Choose a player to draw a card.</p><p>Once ~ has been utilized 5 times, choose a player to gain 5 loyalty.</p>",,"","",,,,,60,35,#NAME?,#NAME?,#NAME?,#NAME?,"[i]Asset[/i]","RS_CR_002",4,
"MR_RP_001","Presentation of Compromising Information","RP",#NAME?,,"R. Effect","Report","10","<center>(This effect can only be deployed if you control a renowned asset.)</center><p>Each opponent's commander loses <u>X</u> (X is the number of revealed cards in their hand.) loyalty.</p>",,"","",,,,,60,35,#NAME?,#NAME?,#NAME?,#NAME?,"[i]R. Effect[/i]","RS_MR_RP_001","4RP",
"MR_RP_002","Undermine the Competition","5RP",#NAME?,,"Effect",,"10","<center><u>Prepare 3 -- [R][P]</u> (Pay [R][P] and put ~ into your deck third from the top. When you would draw ~, instead deploy it without paying its cost.)</center><p>Choose a player; they discard 3 cards.</p>",,"","",,,,,60,35,#NAME?,#NAME?,#NAME?,#NAME?,"[i]Effect[/i]","RS_MR_RP_002","5RP",
"MU_RP_001","Harbinger of Grief","2RP","Multicolor",,"Asset","AI Reporter",5,"Whenever a combatant dies, its controller discards a card.",,"","",,,,,60,35,#NAME?,#NAME?,#NAME?,#NAME?,"[i]Asset[/i]","RS_MU_RP_001",,
"RU_002","Covert Interview","1R",#NAME?,,"Effect",,"5","<p>As ~ resolves you may pay [R] or [P], if you do, choose a player to <u>decay 1</u> (The specified player puts the top card of their deck into their discard.)</p><p>Chose an opponent to reveal 3 unrevealed cards of their choice in their hand (If they have 3 or less unrevealed cards they reveal their hand instead) and then discard a card of your choice.</p>",,"","",,,,,60,35,#NAME?,#NAME?,#NAME?,#NAME?,"[i]Effect[/i]","RS_RU_002","3R",
"RU_003","Information Sniffer","RRRP",#NAME?,,"Asset","AI Reporter","5","<p>Whenever a player draws a card, their commander loses 1 loyalty (this does not cause them to draw more cards.)</p><p>If ~ is in a vehicle, its effect is only applied to your opponents.</p>",,"","",,,,,60,35,#NAME?,#NAME?,#NAME?,#NAME?,"[i]Asset[/i]","RS_RU_003","2RRRP",
"MU_RP_002","Intrepid Reporter","RP",#NAME?,,"Asset","Human Reporter","7","<p><u>Uninterceptable</u> (~ can't be intercepted.)</p><p>Whenever ~ deals damage to a commander, each player reveals the top card of their deck. You may put any of those cards into their owners' discards.</p>",,1,1,,,,,60,35,#NAME?,#NAME?,#NAME?,#NAME?,"[i]Asset[/i]","RS_MU_RP_002","2RP",
"U","U",,#NAME?,,,,,,,"","",,,,,60,35,#NAME?,#NAME?,#NAME?,#NAME?,"[i][/i]","RS_U",,
"U","U",,#NAME?,,,,,,,"","",,,,,60,35,#NAME?,#NAME?,#NAME?,#NAME?,"[i][/i]","RS_U",,
"U","U",,#NAME?,,,,,,,"","",,,,,60,35,#NAME?,#NAME?,#NAME?,#NAME?,"[i][/i]","RS_U",,
"PC_001","Expose the Corruption","P",#NAME?,,"Effect","<u>Response</u>","1","<center>Choose any number of players to <u>decay 1</u> (The specified players each put the top card of their deck into their discard.)</center>",,"","",,,,,60,35,#NAME?,#NAME?,#NAME?,#NAME?,"[i]Effect[/i]","RS_PC_001","2P",
"MC_RP_001","Necessary Politics",,#NAME?,,"Effect",,"4","<center>(This card can't be deployed, only appended)</center><p><u>Append to Opponent's Effect [R][P]</u> (As an opponent deploys an effect you may reveal ~ and pay [R][P]. If you do add this card's effects as it resolves; it loses those effects once it leaves the stack.)</p><p>~'s controller chooses one: <ul>Draw two cards, your commander loses two loyalty.<br/>Choose an opponent to discard two cards, your commander gains two loyalty.</ul></p>",,"","",,,,,60,35,#NAME?,#NAME?,#NAME?,#NAME?,"[i]Effect[/i]","RS_MC_RP_001",,
"C","C",,#NAME?,,,,,"prepare, exchange, go second, discovery",,"","",,,,,60,35,#NAME?,#NAME?,#NAME?,#NAME?,"[i][/i]","RS_C",,
"C","C",,#NAME?,,,,,,,"","",,,,,60,35,#NAME?,#NAME?,#NAME?,#NAME?,"[i][/i]","RS_C",,
"C","C",,#NAME?,,,,,,,"","",,,,,60,35,#NAME?,#NAME?,#NAME?,#NAME?,"[i][/i]","RS_C",,
"C","C",,#NAME?,,,,,,,"","",,,,,60,35,#NAME?,#NAME?,#NAME?,#NAME?,"[i][/i]","RS_C",,
"C","C",,#NAME?,,,,,,,"","",,,,,60,35,#NAME?,#NAME?,#NAME?,#NAME?,"[i][/i]","RS_C",,
"C","C",,#NAME?,,,,,,,"","",,,,,60,35,#NAME?,#NAME?,#NAME?,#NAME?,"[i][/i]","RS_C",,
"C","C",,#NAME?,,,,,,,"","",,,,,60,35,#NAME?,#NAME?,#NAME?,#NAME?,"[i][/i]","RS_C",,
"M_CMDR_OY_001","Brian Krenitsco, Label Manager","1OOYY",#NAME?,"Melee","Commander","Human Executive",7,"<center>(Becomes <i>'Record Sales'</i> if you already control ~@.)</center><p><b><i>As Commander</i> --</b> Combatants you control, with matching attack power and health, cost 1 energy of any type less.</p><p><b><i>As Asset</i> -- </b> Whenever a card in your deck has its attack power or health changed, you may pay [O] or [Y]; if you do, change the other stat to match.</p>",,4,4,,,"Kpop deck enhance agro",,60,35,#NAME?,#NAME?,#NAME?,#NAME?,"[i]Commander[/i]","RS_M_CMDR_OY_001","21OOYY","[center][i][color=#34343A](Becomes [i]'Record Sales'[/i] if you already control [i]Brian Krenitsco[/i].)[/color][/i][/center][p][b][i]As Commander[/i] —[/b] Combatants you control, with matching attack power and health, cost 1 energy of any type less.[font_size=15]\n\n[/font_size][b][i]As Asset[/i] — [/b] Whenever a card in your deck has its attack power or health changed, you may pay [img=45]res://textures/icons/O.png[/img] or [img=45]res://textures/icons/Y.png[/img]; if you do, change the other stat to match.[/p]"
"M_CMDR_OY_001b","Record Sales","4OOYY",#NAME?,,"R. Effect","<u>Personal</u>","0","<p>Choose a player, then choose one:<ul>Every card in that player's deck permanently has its attack power set equal to its health.<br/>Every card in that player's deck permanently has its its health set equal to its attack power.</ul>(This is not a continuous effect)</p><p><u>Personal</u> (Shuffle <i>'?, Label Manager'</i> into your deck.)</p>",,,,,,,,60,35,#NAME?,#NAME?,#NAME?,#NAME?,"[i]R. Effect[/i]","RS_M_CMDR_OY_001b","3OOYY",
"MR_OY_001","Nama, Digital Diva","3OY",#NAME?,,"R. Asset","AI Female Musician","9","<center>(If you obtain another card with the same name as ~, you must choose one to keep and another to send to its owner's discard.  Becomes <i>'""...Realize I'm merely an imitation of humans.""'</i> if you already control ~.)</center><p>Whenever another combatant enters the battlefield, draw a card.</p>",,"","",,,,,60,35,#NAME?,#NAME?,#NAME?,#NAME?,"[i]R. Asset[/i]","RS_MR_OY_001","5OY",
"MR_OY_001b","'...Realize I'm merely an imitation of humans.'","_","Multicolor",,"R. Effect","<u>Personal</u> Melody","0","<center>(This effect can only be deployed if you control a renowned asset.  [_] can be paid with either [O] or [Y].)</center><p>Choose a combatant; until end of turn, it gets your choice of -2/-0, -1/-0, +0/+1, or +0/+2.</p><p><u>Personal</u> (Shuffle <i>'Nama, Digital Diva'</i> into your deck.)</p>",,,,,,"The Disappearance of Hatsune Miku",,60,35,#NAME?,#NAME?,#NAME?,#NAME?,"[i]R. Effect[/i]","RS_MR_OY_001b","__",
"OR_001","Band Equipment","5O",#NAME?,,"Asset","Equipment","10","<center><u>Exchange [2]</u> (Pay [2], Discard this card from your hand: Draw a card.)</center><p>When ~ enters the battlefield, choose upto 5 combatants to attach it to. Treat all chosen assets as a single unit with all of their effects, as well as all of their combined stats.</p><p>The combined unit has ""<i>Harmonize</i> -- As long as the combined unit's attack power and health are the same, it gets +1/+1 for each asset intercepting it.""</p>","""Everyone looks up to these kids. I don't think any of them realize what goes on behind the scenes."" <p>-- Unremarkable Venue Janitor.</p>","","",,,,,60,35,#NAME?,#NAME?,#NAME?,#NAME?,"[i]Asset[/i]","RS_OR_001","5O",
"RY_002","'Living in the Shadows'","4YY",#NAME?,,"R. Effect","Melody","9","<center>(This effect can only be deployed if you control a renowned asset.)</center><p>~ can only be deployed during combat, before you declare attackers.</p><p>Put a combatant from your hand onto the battlefield declared as an attacker. Return it to your hand at end of turn.</p>",,"","",,,"Addicted, Vivziepop",,60,35,#NAME?,#NAME?,#NAME?,#NAME?,"[i]R. Effect[/i]","RS_RY_002","5YY",
"RY_003","Ecdysiast Singer","2Y",#NAME?,"Melee","Asset","Augmented Female Civilian Musician","9","<i>Harmonize</i> -- Whenever ~ deals combatant damage to a commander, if its attack power and health are the same, choose a Human combatant; permanently gain control of it.",,4,6,,,"https://www.artstation.com/artwork/lxE2kY",,60,35,#NAME?,#NAME?,#NAME?,#NAME?,"[i]Asset[/i]","RS_RY_003","4Y",
"OR_002","Anti-Establishment Hymnist","OOO",#NAME?,"Ranged","Asset","Augmented Male Civilian Musician","9","<i>Harmonize/Strength in Numbers</i> -- Whenever ~ attacks, if its attack power and health are the same, choose another combatant, that combatant attacks with ~; until end of turn, the lower of its attack power or health is increased to match the higher.",,5,3,,,"I have a heavy metal vision for this card",,60,35,#NAME?,#NAME?,#NAME?,#NAME?,"[i]Asset[/i]","RS_OR_002","3O",
"YU_002","You Have a Backstage Meltdown...","OY",#NAME?,,"Effect","<u>Decision</u> <u>Response</u>","5","<center><u>Decision</u> (Every option chosen adds its associated cost to the cost of deploying ~.), <u>Retribution</u></center><ul><i>Trash the Room [O][Y]</i> -- ~ deals 4 damage to each combatant whose attack power is not the same as its health.<br/><i>Fire Everyone [0]</i> -- <u>Forfeit</u> (Put the specified cards into their owners' discard.) any number of combatants you control.</ul>","""It must be perfect! Fuck you and your 'its fines.'"" <p>-- ?, Popstar</p>","","",,,,,60,35,#NAME?,#NAME?,#NAME?,#NAME?,"[i]Effect[/i]","RS_YU_002","2OY",
"MU_OY_001","Vocal Training","__","Multicolor",,"Effect","<u>Response</u>","5","<center>([_] can be paid with either [O] or [Y].)<br/><u>Append to Card [1][O][Y]</u> (As you deploy a card you may reveal ~ and pay [1][O][Y]. If you do add this card's effects as it resolves; it loses those effects once it leaves the stack.)</center><p>Choose a combatant, until end of turn, the lower of its attack power or health is increased to match the higher.</p>","'Even a novice can sound beautiful with the right trainning and augmentation.' <p>-- Brian Krenitsco, Label Manager</p>","","",,,,,60,35,#NAME?,#NAME?,#NAME?,#NAME?,"[i]Effect[/i]","RS_MU_OY_001","2__",
"OU_001","Inspiring Message","3O",#NAME?,,"Effect","Melody","5","<center><u>Prepare 2 -- [Y]</u> (Pay [Y] and put ~ into your deck second from the top. When you would draw ~, instead deploy it without paying its cost.)</center><p>Choose a combatant, until end of turn it gains, ""<i>Harmonize</i> -- As long as this combatant's attack power and health are the same, it gets +1/+1 for each asset intercepting it.""</p>",,"","",,,,,60,35,#NAME?,#NAME?,#NAME?,#NAME?,"[i]Effect[/i]","RS_OU_001","3O",
"MU_OY_002","'Gonna Jump Now and Be Free'","1OY",#NAME?,,"Effect","Melody <u>Response</u>","7","<p>As an additional cost to deploy ~, <u>forfeit</u> (Put the specified card into its owner's discard.) a combatant you control.</p><p>The top card of your deck permanently costs the forfeited cards cost less (ex. If you forfeit ~,  the card will cost [1][O][Y] less, matching energy types exactly.)</p>",,"","",,,"My-R, Hatsune Miku",,60,35,#NAME?,#NAME?,#NAME?,#NAME?,"[i]Effect[/i]","RS_MU_OY_002","3OY",
"MU_OY_003","Musician's Laptop","__","Multicolor",,"Asset","Equipment Laptop","5","<center>([_] can be paid with either [O] or [Y].)<br/><u>Tradeable</u></center><p>When ~ enters the battlefield, choose a combatant to attach it to.</p><p><i>Harmonize</i> -- Whenever the attached asset attacks or intercepts, if its attack power and health are the same, draw a card.</p>",,"","",,,,,60,35,#NAME?,#NAME?,#NAME?,#NAME?,"[i]Asset[/i]","RS_MU_OY_003","__",
"MU_OY_004","Infatuation","3__","Multicolor",,"Effect","Emotion","7","([_] can be paid with either [O] or [Y].)<p>Choose 2 combatants in your hand; reveal them, then as long you control the other, each one has <u>rush</u> (It can attack and intercept as soon as it enters the battlefield, but it can't be explicitly utilized that turn.) and doubled attack power (the doubled attack power doesn't stack.)</p>",,"","",,,,,60,35,#NAME?,#NAME?,#NAME?,#NAME?,"[i]Effect[/i]","RS_MU_OY_004","3__",
"MC_OY_001","The Girl Behind the Screen","_","Multicolor","Melee","Asset","Human Female Civilian Actor","2","([_] can be paid with either [O] or [Y].)<p><i>Harmonize</i> -- As long as ~'s attack power and toughness are the same, it gets +2/+2.</p>","Every AI has a voice bank behind it, likewise every star hiding behind a two-dimensional facade has an actor behind it.",0,2,,,,,60,35,#NAME?,#NAME?,#NAME?,#NAME?,"[i]Asset[/i]","RS_MC_OY_001","__",
"MC_OY_002","Cocaine Induced Inspiration","__","Multicolor",,"Asset","Drug","3","([_] can be paid with either [O] or [Y].)<p><u>Forfeit</u> (Put the specified card into its owner's discard.) ~: The top <u>X</u> (X is 1 plus the number of times ~ has been deployed this game.) combatants in your deck permanently gain +1/+0.</p><p>You may pay an additional [O][Y] as you forfeit ~; if you do triple X.</p>",,"","",,,,,60,35,#NAME?,#NAME?,#NAME?,#NAME?,"[i]Asset[/i]","RS_MC_OY_002","__",
"MC_OY_003","Pitch Correction Implant","3OY",#NAME?,,"Asset","Equipment <u>Augmentation</u>","4","<center>(If a Human asset has an Augmentation attached, it becomes Augmented.)</center><p>When ~ enters the battlefield, choose a combatant to attach it to.</p><p>Attached combatant has the lower of its attack power or health increased to match the higher.</p>","""We no longer have to fix their performances in post.""","","",,,,,60,35,#NAME?,#NAME?,#NAME?,#NAME?,"[i]Asset[/i]","RS_MC_OY_003","3OY",
"YC_001","Street Performer","3Y",#NAME?,"Melee","Asset","Human Male Civilian Musician","2","<i>Harmonize</i> -- Whenever ~ deals combat damage to a commander, if its attack power and health are the same, you may choose a card in your hand; it permanently gains +0/+2.","""The folks around here always seem a little down, I try my best to lighten the mood.""",4,5,,,,,60,35,#NAME?,#NAME?,#NAME?,#NAME?,"[i]Asset[/i]","RS_YC_001","4Y",
"YC_002","'I'm Addicted to the Madness'","Y",#NAME?,,"Effect","Melody","2","The top combatant in your deck permanently gains one of <u>brutal</u> (It deals combat damage before assets without brutal.), <u>rush</u> (It can attack and intercept as soon as it enters the battlefield, but it can't be explicitly utilized that turn.), +1/-1, or -1/+1 at random.",,"","",,,,,60,35,#NAME?,#NAME?,#NAME?,#NAME?,"[i]Effect[/i]","RS_YC_002","2Y",
"YC_003","Tour Deadlines","XYY",#NAME?,,"Effect","<u>Response</u>","3","<center>The top [X] combatants in your deck permanently gain <u>rush</u> (They can attack and intercept as soon as they enter the battlefield, but it can't be explicitly utilized that turn.)</center>",,"","",,,,,60,35,#NAME?,#NAME?,#NAME?,#NAME?,"[i]Effect[/i]","RS_YC_003","XYY",
"YC_004","Sway of the Music","_","Multicolor",,"Effect","Melody","3","([_] can be paid with either [O] or [Y].)<p>Choose a combatant; until end of turn, swap its attack power and health.</p>",,"","",,,,,60,35,#NAME?,#NAME?,#NAME?,#NAME?,"[i]Effect[/i]","RS_YC_004","_",
"MC_OY_004","Amp up the Volume","_","Multicolor",,"Effect",,"1","<center>([_] can be paid with either [O] or [Y].)</center><p><center><u>Advantageous</u> (When ~ resolves, draw a card.)</center></p><p>Choose a combatant; until end of turn, it gets +2/+0.</p>",,"","",,,,,60,35,#NAME?,#NAME?,#NAME?,#NAME?,"[i]Effect[/i]","RS_MC_OY_004","_",
"MC_OY_005","Bedroom Star","3_","Multicolor",,"Asset","Human Child Civilian Musician Student","2","([_] can be paid with either [O] or [Y].)<p>~ costs [1] less to deploy if you didn't go first.</p><p><i>Harmonize</i> -- Each time ~ has attacked or intercepted twice, while its attack power and health were the same; the top combatant of your deck permanently gets +1/+1.</p>",,3,3,,,,,60,35,#NAME?,#NAME?,#NAME?,#NAME?,"[i]Asset[/i]","RS_MC_OY_005","3_",
"OYPG","Concert Stage",,"Multicolor",,"Generator",,5,"<center>(Generators are not assets or effects. You may only play ~ whenever you have the option to hire a generator, instead of hiring any other card as a generator.)</center><p>When you hire ~ choose a combatant you control; it permanently gains <u>sluggish</u>.</p><p>[T], <u>Forfeit</u> (Put the specified card into its owner's discard.) ~: You may search your deck of an Emotion or Unrest card; if you do, hire it as a generator, then shuffle your deck.</p>",,,,,,,,60,35,#NAME?,#NAME?,#NAME?,#NAME?,"[i]Generator[/i]","RS_OYPG",,
"M_CMDR_OG_001","M_CMDR_OG_001",,#NAME?,,,"Forest/Shield midrange","Forest/Shield midrange","Shield midrange","Forest/Shield midrange",#VALUE!,#VALUE!,,,"Shield midrange",,60,35,#NAME?,#NAME?,#NAME?,#NAME?,"[i][/i]","RS_M_CMDR_OG_001",,
"Y","Y",,#NAME?,,,,,"prepare, exchange, append, go second, retribution, discovery, decision",,"","",,,,,60,35,#NAME?,#NAME?,#NAME?,#NAME?,"[i][/i]","RS_Y",,
"Y","Y",,#NAME?,,,,,,,"","",,,,,60,35,#NAME?,#NAME?,#NAME?,#NAME?,"[i][/i]","RS_Y",,
"Y","Y",,#NAME?,,,,,,,"","",,,,,60,35,#NAME?,#NAME?,#NAME?,#NAME?,"[i][/i]","RS_Y",,
"Y","Y",,#NAME?,,,,,,,"","",,,,,60,35,#NAME?,#NAME?,#NAME?,#NAME?,"[i][/i]","RS_Y",,
"U","U",,#NAME?,,,,,,,"","",,,,,60,35,#NAME?,#NAME?,#NAME?,#NAME?,"[i][/i]","RS_U",,
"U","U",,#NAME?,,,,,,,"","",,,,,60,35,#NAME?,#NAME?,#NAME?,#NAME?,"[i][/i]","RS_U",,
"U","U",,#NAME?,,,,,,,"","",,,,,60,35,#NAME?,#NAME?,#NAME?,#NAME?,"[i][/i]","RS_U",,
"U","U",,#NAME?,,,,,,,"","",,,,,60,35,#NAME?,#NAME?,#NAME?,#NAME?,"[i][/i]","RS_U",,
"U","U",,#NAME?,,,,,,,"","",,,,,60,35,#NAME?,#NAME?,#NAME?,#NAME?,"[i][/i]","RS_U",,
"U","U",,#NAME?,,,,,,,"","",,,,,60,35,#NAME?,#NAME?,#NAME?,#NAME?,"[i][/i]","RS_U",,
"C","C",,#NAME?,,,,,,,"","",,,,,60,35,#NAME?,#NAME?,#NAME?,#NAME?,"[i][/i]","RS_C",,
"C","C",,#NAME?,,,,,,,"","",,,,,60,35,#NAME?,#NAME?,#NAME?,#NAME?,"[i][/i]","RS_C",,
"C","C",,#NAME?,,,,,,,"","",,,,,60,35,#NAME?,#NAME?,#NAME?,#NAME?,"[i][/i]","RS_C",,
"C","C",,#NAME?,,,,,,,"","",,,,,60,35,#NAME?,#NAME?,#NAME?,#NAME?,"[i][/i]","RS_C",,
"C","C",,#NAME?,,,,,,,"","",,,,,60,35,#NAME?,#NAME?,#NAME?,#NAME?,"[i][/i]","RS_C",,
"C","C",,#NAME?,,,,,,,"","",,,,,60,35,#NAME?,#NAME?,#NAME?,#NAME?,"[i][/i]","RS_C",,
"C","C",,#NAME?,,,,,,,"","",,,,,60,35,#NAME?,#NAME?,#NAME?,#NAME?,"[i][/i]","RS_C",,
"C","C",,#NAME?,,,,,,,"","",,,,,60,35,#NAME?,#NAME?,#NAME?,#NAME?,"[i][/i]","RS_C",,
"C","C",,#NAME?,,,,,,,"","",,,,,60,35,#NAME?,#NAME?,#NAME?,#NAME?,"[i][/i]","RS_C",,
"M_CMDR_OB_001","M_CMDR_OB_001",,#NAME?,,,"Drones","Drones","Drones","Drones",#VALUE!,#VALUE!,,,"Drones",,60,35,#NAME?,#NAME?,#NAME?,#NAME?,"[i][/i]","RS_M_CMDR_OB_001",,
"R","R",,#NAME?,,,,,"prepare, exchange, append, go second, retribution, discovery, decision",,,,,,,,60,35,#NAME?,#NAME?,#NAME?,#NAME?,"[i][/i]","RS_R",,
"R","R",,#NAME?,,,,,,,"","",,,,,60,35,#NAME?,#NAME?,#NAME?,#NAME?,"[i][/i]","RS_R",,
"R","R",,#NAME?,,,,,,,"","",,,,,60,35,#NAME?,#NAME?,#NAME?,#NAME?,"[i][/i]","RS_R",,
"R","R",,#NAME?,,,,,,,"","",,,,,60,35,#NAME?,#NAME?,#NAME?,#NAME?,"[i][/i]","RS_R",,
"U","U",,#NAME?,,,,,,,"","",,,,,60,35,#NAME?,#NAME?,#NAME?,#NAME?,"[i][/i]","RS_U",,
"U","U",,#NAME?,,,,,,,"","",,,,,60,35,#NAME?,#NAME?,#NAME?,#NAME?,"[i][/i]","RS_U",,
"U","U",,#NAME?,,,,,,,"","",,,,,60,35,#NAME?,#NAME?,#NAME?,#NAME?,"[i][/i]","RS_U",,
"U","U",,#NAME?,,,,,,,"","",,,,,60,35,#NAME?,#NAME?,#NAME?,#NAME?,"[i][/i]","RS_U",,
"U","U",,#NAME?,,,,,,,"","",,,,,60,35,#NAME?,#NAME?,#NAME?,#NAME?,"[i][/i]","RS_U",,
"U","U",,#NAME?,,,,,,,"","",,,,,60,35,#NAME?,#NAME?,#NAME?,#NAME?,"[i][/i]","RS_U",,
"C","C",,#NAME?,,,,,,,"","",,,,,60,35,#NAME?,#NAME?,#NAME?,#NAME?,"[i][/i]","RS_C",,
"C","C",,#NAME?,,,,,,,"","",,,,,60,35,#NAME?,#NAME?,#NAME?,#NAME?,"[i][/i]","RS_C",,
"C","C",,#NAME?,,,,,,,"","",,,,,60,35,#NAME?,#NAME?,#NAME?,#NAME?,"[i][/i]","RS_C",,
"C","C",,#NAME?,,,,,,,"","",,,,,60,35,#NAME?,#NAME?,#NAME?,#NAME?,"[i][/i]","RS_C",,
"C","C",,#NAME?,,,,,,,"","",,,,,60,35,#NAME?,#NAME?,#NAME?,#NAME?,"[i][/i]","RS_C",,
"C","C",,#NAME?,,,,,,,"","",,,,,60,35,#NAME?,#NAME?,#NAME?,#NAME?,"[i][/i]","RS_C",,
"C","C",,#NAME?,,,,,,,"","",,,,,60,35,#NAME?,#NAME?,#NAME?,#NAME?,"[i][/i]","RS_C",,
"C","C",,#NAME?,,,,,,,"","",,,,,60,35,#NAME?,#NAME?,#NAME?,#NAME?,"[i][/i]","RS_C",,
"C","C",,#NAME?,,,,,,,"","",,,,,60,35,#NAME?,#NAME?,#NAME?,#NAME?,"[i][/i]","RS_C",,
"M_CMDR_OP_001","M_CMDR_OP_001",,#NAME?,,,"Virus/Hacker midrange","Virus/Hacker midrange","Virus/Hacker midrange","Virus/Hacker midrange",#VALUE!,#VALUE!,,,"Virus/Hacker midrange",,60,35,#NAME?,#NAME?,#NAME?,#NAME?,"[i][/i]","RS_M_CMDR_OP_001",,
"Y","Y",,#NAME?,,,,,"prepare, exchange, append, go second, retribution, discovery, decision",,"","",,,,,60,35,#NAME?,#NAME?,#NAME?,#NAME?,"[i][/i]","RS_Y",,
"Y","Y",,#NAME?,,,,,,,"","",,,,,60,35,#NAME?,#NAME?,#NAME?,#NAME?,"[i][/i]","RS_Y",,
"Y","Y",,#NAME?,,,,,,,"","",,,,,60,35,#NAME?,#NAME?,#NAME?,#NAME?,"[i][/i]","RS_Y",,
"Y","Y",,#NAME?,,,,,,,"","",,,,,60,35,#NAME?,#NAME?,#NAME?,#NAME?,"[i][/i]","RS_Y",,
"U","U",,#NAME?,,,,,,,"","",,,,,60,35,#NAME?,#NAME?,#NAME?,#NAME?,"[i][/i]","RS_U",,
"U","U",,#NAME?,,,,,,,"","",,,,,60,35,#NAME?,#NAME?,#NAME?,#NAME?,"[i][/i]","RS_U",,
"U","U",,#NAME?,,,,,,,"","",,,,,60,35,#NAME?,#NAME?,#NAME?,#NAME?,"[i][/i]","RS_U",,
"U","U",,#NAME?,,,,,,,"","",,,,,60,35,#NAME?,#NAME?,#NAME?,#NAME?,"[i][/i]","RS_U",,
"U","U",,#NAME?,,,,,,,"","",,,,,60,35,#NAME?,#NAME?,#NAME?,#NAME?,"[i][/i]","RS_U",,
"U","U",,#NAME?,,,,,,,"","",,,,,60,35,#NAME?,#NAME?,#NAME?,#NAME?,"[i][/i]","RS_U",,
"C","C",,#NAME?,,,,,,,"","",,,,,60,35,#NAME?,#NAME?,#NAME?,#NAME?,"[i][/i]","RS_C",,
"C","C",,#NAME?,,,,,,,"","",,,,,60,35,#NAME?,#NAME?,#NAME?,#NAME?,"[i][/i]","RS_C",,
"C","C",,#NAME?,,,,,,,"","",,,,,60,35,#NAME?,#NAME?,#NAME?,#NAME?,"[i][/i]","RS_C",,
"C","C",,#NAME?,,,,,,,"","",,,,,60,35,#NAME?,#NAME?,#NAME?,#NAME?,"[i][/i]","RS_C",,
"C","C",,#NAME?,,,,,,,"","",,,,,60,35,#NAME?,#NAME?,#NAME?,#NAME?,"[i][/i]","RS_C",,
"C","C",,#NAME?,,,,,,,"","",,,,,60,35,#NAME?,#NAME?,#NAME?,#NAME?,"[i][/i]","RS_C",,
"C","C",,#NAME?,,,,,,,"","",,,,,60,35,#NAME?,#NAME?,#NAME?,#NAME?,"[i][/i]","RS_C",,
"C","C",,#NAME?,,,,,,,"","",,,,,60,35,#NAME?,#NAME?,#NAME?,#NAME?,"[i][/i]","RS_C",,
"C","C",,#NAME?,,,,,,,"","",,,,,60,35,#NAME?,#NAME?,#NAME?,#NAME?,"[i][/i]","RS_C",,
"M_CMDR_YG_001","M_CMDR_YG_001",,#NAME?,,,"Bullet Spellslinger","Bullet Spellslinger","Bullet Spellslinger","Bullet Spellslinger",#VALUE!,#VALUE!,,,"Bullet Spellslinger",,60,35,#NAME?,#NAME?,#NAME?,#NAME?,"[i][/i]","RS_M_CMDR_YG_001",,
"Y","Y",,#NAME?,,,,,"prepare, exchange, append, go second, retribution, discovery, decision",,"","",,,,,60,35,#NAME?,#NAME?,#NAME?,#NAME?,"[i][/i]","RS_Y",,
"Y","Y",,#NAME?,,,,,,,"","",,,,,60,35,#NAME?,#NAME?,#NAME?,#NAME?,"[i][/i]","RS_Y",,
"Y","Y",,#NAME?,,,,,,,"","",,,,,60,35,#NAME?,#NAME?,#NAME?,#NAME?,"[i][/i]","RS_Y",,
"Y","Y",,#NAME?,,,,,,,"","",,,,,60,35,#NAME?,#NAME?,#NAME?,#NAME?,"[i][/i]","RS_Y",,
"MU_YG_001","Impressive Shot","1YG",#NAME?,,"Effect","Trickshot Style <u>Response</u>","5","~ costs [1] less to deploy if you didn't go first.<p>Choose anything to take 3 damage, anything else to take 2 damage, and a third thing to take 1 damage.</p><p>Create a 'Bullet' on the battlefield for each combatant or commander killed this way.</p>",,"","",,,,,60,35,#NAME?,#NAME?,#NAME?,#NAME?,"[i]Effect[/i]","RS_MU_YG_001","3YG",
"U","U",,#NAME?,,,,,,,"","",,,,,60,35,#NAME?,#NAME?,#NAME?,#NAME?,"[i][/i]","RS_U",,
"U","U",,#NAME?,,,,,,,"","",,,,,60,35,#NAME?,#NAME?,#NAME?,#NAME?,"[i][/i]","RS_U",,
"U","U",,#NAME?,,,,,,,"","",,,,,60,35,#NAME?,#NAME?,#NAME?,#NAME?,"[i][/i]","RS_U",,
"U","U",,#NAME?,,,,,,,"","",,,,,60,35,#NAME?,#NAME?,#NAME?,#NAME?,"[i][/i]","RS_U",,
"U","U",,#NAME?,,,,,,,"","",,,,,60,35,#NAME?,#NAME?,#NAME?,#NAME?,"[i][/i]","RS_U",,
"MC_YG_001","Local Range's Prodigy","_","Multicolor","Melee","Asset","Human Citizen","3","<center>([_] can be paid with either [Y] or [G].)<br/><u>Armed -- 'Ballistic Pistol'</u> (~ enters the battlefield with a transient <i>'Ballistic Pistol'</i> attached to it.), <u>Trickshot</u> (The first time ~ is chosen by a style card each turn, create a 'Bullet' on the battlefield.)</center>",,2,2,,,,,60,35,#NAME?,#NAME?,#NAME?,#NAME?,"[i]Asset[/i]","RS_MC_YG_001","_",
"C","C",,#NAME?,,,,,,,"","",,,,,60,35,#NAME?,#NAME?,#NAME?,#NAME?,"[i][/i]","RS_C",,
"C","C",,#NAME?,,,,,,,"","",,,,,60,35,#NAME?,#NAME?,#NAME?,#NAME?,"[i][/i]","RS_C",,
"C","C",,#NAME?,,,,,,,"","",,,,,60,35,#NAME?,#NAME?,#NAME?,#NAME?,"[i][/i]","RS_C",,
"C","C",,#NAME?,,,,,,,"","",,,,,60,35,#NAME?,#NAME?,#NAME?,#NAME?,"[i][/i]","RS_C",,
"C","C",,#NAME?,,,,,,,"","",,,,,60,35,#NAME?,#NAME?,#NAME?,#NAME?,"[i][/i]","RS_C",,
"C","C",,#NAME?,,,,,,,"","",,,,,60,35,#NAME?,#NAME?,#NAME?,#NAME?,"[i][/i]","RS_C",,
"C","C",,#NAME?,,,,,,,"","",,,,,60,35,#NAME?,#NAME?,#NAME?,#NAME?,"[i][/i]","RS_C",,
"C","C",,#NAME?,,,,,,,"","",,,,,60,35,#NAME?,#NAME?,#NAME?,#NAME?,"[i][/i]","RS_C",,
"M_CMDR_YB_001","Emergency Response Administrator","YB",#NAME?,"Melee","Commander","Human Civilian Administrator",9,"<p>~ is not renowned.</p><p>As each round of the game starts, choose one, until end of round:<ul>Whenever a combatant you control deals combat damage to an opponent, your commander gains 1 loyalty.<br/>Whenever your commander gains loyalty, choose a combatant; <u>Heal it 1</u></ul></p><p><b><i>As Asset</i> -- </b><u>Inexhaustible</u></p>",,3,3,,,"All of the assets use the same mode, at the start of the game if you have any number of this card you choose the mode which is shared by all of them until the end of the round.","Lifegain aggro",60,35,#NAME?,#NAME?,#NAME?,#NAME?,"[i]Commander[/i]","RS_M_CMDR_YB_001","3YB",
"Y","Y",,#NAME?,,,,,"[T]: Choose a combatant; until end of turn, combat damage it deals both <u>heals</u> it and is gained as loyalty.<p><u>Hippocratic Oath</u> -- [T]: Until end of turn, combat damage combatants you control deal both <u>heals</u> them and is gained as loyalty (Activate this ability only if a combatant has taken damage this turn).</p>",,"","",,,,,60,35,#NAME?,#NAME?,#NAME?,#NAME?,"[i][/i]","RS_Y",,
"BY_001","?, War-zone Doctor","2B",#NAME?,"Melee","R. Asset","Human Doctor","9","<center>(Becomes <i>'Show Administration What it's Like'</i> if you already control ~.)</center><p>Each commander loses their <b><i>As Commander</i></b> ability.</p>",,1,1,,,,,60,35,#NAME?,#NAME?,#NAME?,#NAME?,"[i]R. Asset[/i]","RS_BY_001","22B",
"BY_001b","Show Administration What it's Like","3Y","Multicolor",,"R. Effect","Personal","0","<p>When you deploy <i>this card</i> you may pay an additional [1][B]. If you do, until end of turn, whenever your commander loses loyalty you may choose a combatant, <u>Heal it 1</u>.</p><p>Choose a combatant, until end of turn, your commander becomes a copy of that combatant; except its health is linked to your commanders loyalty.</p><p><u>Personal</u> (Shuffle <i>'?, War-zone Doctor'</i> into your deck.)</p>",,,,,,,,60,35,#NAME?,#NAME?,#NAME?,#NAME?,"[i]R. Effect[/i]","RS_BY_001b","3Y",
"Y",,,"Multicolor",,,,,,,"","",,,,,60,35,#NAME?,#NAME?,#NAME?,#NAME?,"[i][/i]","RS_Y",,
"Y","Y",,#NAME?,,,,,"prepare, exchange, append, go second, retribution, discovery, decision",,"","",,,,,60,35,#NAME?,#NAME?,#NAME?,#NAME?,"[i][/i]","RS_Y",,
"MU_YB_001","Junkie Patient","3YB",#NAME?,"Melee","Asset","Human Civilian Patient","5","<center>Whenever ~ is healed, it permanently gets +1/+1.</center>",,1,1,,,,,60,35,#NAME?,#NAME?,#NAME?,#NAME?,"[i]Asset[/i]","RS_MU_YB_001","3YB",
"MU_YB_002","Battle Medic","3YB",#NAME?,"Melee","Asset","Human Soldier Doctor","5","<center><u>Armed -- 'Ballistic Pistol'</u> (~ enters the battlefield with a transient <i>'Ballistic Pistol'</i> attached to it.), <u>Retribution</u> (When you draw ~ as a result of taking damage, you may deploy it without paying its cost.)</center><p><u>Once</u> (As you activate this effect, remove it from this card): Choose a player or combatant; ~ deals 5 damage to it, then your commander gains 5 loyalty.</p>",,3,3,,,,,60,35,#NAME?,#NAME?,#NAME?,#NAME?,"[i]Asset[/i]","RS_MU_YB_002","3YB",
"MU_YB_003","Refugee Nurse","_","Multicolor","Melee","Asset","Human Female Civilian Patient","5","<center>([_] can be paid with [Y] or [B].)</center><p>Whenever your commander gains loyalty, choose a combatant an opponent controls; ~ and that combatant both permanently gain +1/+1.</p>",,2,2,,,,,60,35,#NAME?,#NAME?,#NAME?,#NAME?,"[i]Asset[/i]","RS_MU_YB_003","_",
"BU_003","Camp Organizer","4B",#NAME?,"Melee","Asset","Human Civilian Administrator","5","<center>When you deploy ~, create a <i>'Camp Guard'</i> in your hand; repeat this process until your hand is full.</center>",,2,2,,,,,60,35,#NAME?,#NAME?,#NAME?,#NAME?,"[i]Asset[/i]","RS_BU_003","4B",
"BU_003b","Camp Guard","2B",#NAME?,"Melee","Asset","<u>Transient</u> Human Guard","0","<center><u>Armed -- 'CCW'</u> (~ enters the battlefield with a transient <i>'CCW'</i> attached to it.), <u>Transient</u> (If ~ would enter your discard pile, instead remove it from the game.)</center>",,2,2,,,,,60,35,#NAME?,#NAME?,#NAME?,#NAME?,"[i]Asset[/i]","RS_BU_003b","22B",
"U","U",,#NAME?,,,,,,,,"",,,,,60,35,#NAME?,#NAME?,#NAME?,#NAME?,"[i][/i]","RS_U",,
"U","U",,#NAME?,,,,,,,"","",,,,,60,35,#NAME?,#NAME?,#NAME?,#NAME?,"[i][/i]","RS_U",,
"MC_YB_001","Frontline First Aid","_","Multicolor",,"Effect",,"3","<center>([_] can be paid with [Y] or [B].)</center><p>Choose one; or two, if you pay an additional [_] as ~ resolves:<ul>Choose a combatant; <u>Heal it 3</u> (If the specified asset has attack power or health reductions, reduce them by 3 [reducing permanent reductions first]. Otherwise remove 3 damage from it.)<br/>Choose a combatant or commander; ~ deals 2 damage to it.</ul></p>",,"","",,,,,60,35,#NAME?,#NAME?,#NAME?,#NAME?,"[i]Effect[/i]","RS_MC_YB_001","_",
"C","Resuscitate",,#NAME?,,,,,"Heal 5?",,"","",,,,,60,35,#NAME?,#NAME?,#NAME?,#NAME?,"[i][/i]","RS_C",,
"C","C",,#NAME?,,,,,,,"","",,,,,60,35,#NAME?,#NAME?,#NAME?,#NAME?,"[i][/i]","RS_C",,
"C","C",,#NAME?,,,,,,,"","",,,,,60,35,#NAME?,#NAME?,#NAME?,#NAME?,"[i][/i]","RS_C",,
"C","C",,#NAME?,,,,,,,"","",,,,,60,35,#NAME?,#NAME?,#NAME?,#NAME?,"[i][/i]","RS_C",,
"C","C",,#NAME?,,,,,,,"","",,,,,60,35,#NAME?,#NAME?,#NAME?,#NAME?,"[i][/i]","RS_C",,
"C","C",,#NAME?,,,,,,,"","",,,,,60,35,#NAME?,#NAME?,#NAME?,#NAME?,"[i][/i]","RS_C",,
"C","C",,#NAME?,,,,,,,"","",,,,,60,35,#NAME?,#NAME?,#NAME?,#NAME?,"[i][/i]","RS_C",,
"C","C",,#NAME?,,,,,,,"","",,,,,60,35,#NAME?,#NAME?,#NAME?,#NAME?,"[i][/i]","RS_C",,
"M_CMDR_YP_001","?, Head Roboticist","5YP",#NAME?,"Melee","Commander","Augmented Researcher","5","<p><i>As Commander</i> -- At the beginning of combat on your turn, you may redistribute the equipment you control.</p><p><i>As Asset</i> -- Whenever an <u>Augmentation</u> enters the battlefield under your control, you may shuffle an <u>Augmentation</u> in your discard into your deck.</p>","""It's funny how new discoveries have a habit of shining light on old ideas.""",6,8,,,"Artifact (<u>Augmentation</u>) Storm",,60,35,#NAME?,#NAME?,#NAME?,#NAME?,"[i]Commander[/i]","RS_M_CMDR_YP_001","5YP",
"Y","Y",,#NAME?,,,,,"prepare, exchange, append, go second, retribution, discovery, decision",,"","",,,,,60,35,#NAME?,#NAME?,#NAME?,#NAME?,"[i][/i]","RS_Y",,
"Y","Y",,#NAME?,,,,,,,"","",,,,,60,35,#NAME?,#NAME?,#NAME?,#NAME?,"[i][/i]","RS_Y",,
"Y","Y",,#NAME?,,,,,,,"","",,,,,60,35,#NAME?,#NAME?,#NAME?,#NAME?,"[i][/i]","RS_Y",,
"Y","Y",,#NAME?,,,,,,,"","",,,,,60,35,#NAME?,#NAME?,#NAME?,#NAME?,"[i][/i]","RS_Y",,
"MU_YP_001","Corporate Espionage","3YP",#NAME?,,"Effect",,"5","<center><u>Advantageous</u> (When ~ resolves, draw a card.), <u>Warrant</u> (When you deploy ~, shuffle an 'Incarceration' into your deck.)</center><p>Choose a non-combatant asset an opponent controls; create a copy of it.</p>",,"","",,,,,60,35,#NAME?,#NAME?,#NAME?,#NAME?,"[i]Effect[/i]","RS_MU_YP_001","3YP",
"YU_003","Adrenaline Injector","3Y",#NAME?,,"Asset","Equipment <u>Augmentation</u>","6","<center>(If a Human asset has an Augmentation attached, it becomes Augmented.)</center><p>When ~ enters the battlefield, choose a combatant to attach it to.</p><p>If the attached asset would die, it instead dies at the end of the turn.</p>",,"","",,,,,60,35,#NAME?,#NAME?,#NAME?,#NAME?,"[i]Asset[/i]","RS_YU_003","3Y",
"U","U",,#NAME?,,,,,,,"","",,,,,60,35,#NAME?,#NAME?,#NAME?,#NAME?,"[i][/i]","RS_U",,
"U","U",,#NAME?,,,,,,,"","",,,,,60,35,#NAME?,#NAME?,#NAME?,#NAME?,"[i][/i]","RS_U",,
"U","U",,#NAME?,,,,,,,"","",,,,,60,35,#NAME?,#NAME?,#NAME?,#NAME?,"[i][/i]","RS_U",,
"U","U",,#NAME?,,,,,,,"","",,,,,60,35,#NAME?,#NAME?,#NAME?,#NAME?,"[i][/i]","RS_U",,
"MC_YP_001","Clearview Flagship","_","Multicolor",,"Asset","Equipment <u>Augmentation</u>","2","<center>([_] can be paid with either [Y] or [P]. If a Human asset has an Augmentation attached, it becomes Augmented.)</center><p>When ~ enters the battlefield, choose a combatant to attach it to.</p><p>Attached combatant gets +1/+1.</p>","Clearview Dynamics is the leading firm in advanced prosthesis.","","",,,,,60,35,#NAME?,#NAME?,#NAME?,#NAME?,"[i]Asset[/i]","RS_MC_YP_001","_",
"C","C",,#NAME?,,,,,,,"","",,,,,60,35,#NAME?,#NAME?,#NAME?,#NAME?,"[i][/i]","RS_C",,
"C","C",,#NAME?,,,,,,,"","",,,,,60,35,#NAME?,#NAME?,#NAME?,#NAME?,"[i][/i]","RS_C",,
"C","C",,#NAME?,,,,,,,"","",,,,,60,35,#NAME?,#NAME?,#NAME?,#NAME?,"[i][/i]","RS_C",,
"C","C",,#NAME?,,,,,,,"","",,,,,60,35,#NAME?,#NAME?,#NAME?,#NAME?,"[i][/i]","RS_C",,
"C","C",,#NAME?,,,,,,,"","",,,,,60,35,#NAME?,#NAME?,#NAME?,#NAME?,"[i][/i]","RS_C",,
"C","C",,#NAME?,,,,,,,"","",,,,,60,35,#NAME?,#NAME?,#NAME?,#NAME?,"[i][/i]","RS_C",,
"C","C",,#NAME?,,,,,,,"","",,,,,60,35,#NAME?,#NAME?,#NAME?,#NAME?,"[i][/i]","RS_C",,
"C","C",,#NAME?,,,,,,,"","",,,,,60,35,#NAME?,#NAME?,#NAME?,#NAME?,"[i][/i]","RS_C",,
"M_CMDR_GB_001","M_CMDR_GB_001",,#NAME?,,,"Tax control","Tax control","Tax control","Tax control",#VALUE!,#VALUE!,,,"Tax control",,60,35,#NAME?,#NAME?,#NAME?,#NAME?,"[i][/i]","RS_M_CMDR_GB_001",,
"MR_GB_001","Organ Transplant","6BG",#NAME?,,"R. Effect",,"10","<p>Choose a commander to have its loyalty swapped with your commander's loyalty.</p>",,"","",,,,,60,35,#NAME?,#NAME?,#NAME?,#NAME?,"[i]R. Effect[/i]","RS_MR_GB_001","6BG",
"Y","Y",,#NAME?,,,,,,,"","",,,,,60,35,#NAME?,#NAME?,#NAME?,#NAME?,"[i][/i]","RS_Y",,
"Y","Y",,#NAME?,,,,,,,"","",,,,,60,35,#NAME?,#NAME?,#NAME?,#NAME?,"[i][/i]","RS_Y",,
"Y","Y",,#NAME?,,,,,,,"","",,,,,60,35,#NAME?,#NAME?,#NAME?,#NAME?,"[i][/i]","RS_Y",,
"U","U",,#NAME?,,,,,,,"","",,,,,60,35,#NAME?,#NAME?,#NAME?,#NAME?,"[i][/i]","RS_U",,
"U","U",,#NAME?,,,,,"prepare, exchange, append, go second, retribution, discovery, decision",,"","",,,,,60,35,#NAME?,#NAME?,#NAME?,#NAME?,"[i][/i]","RS_U",,
"U","U",,#NAME?,,,,,,,"","",,,,,60,35,#NAME?,#NAME?,#NAME?,#NAME?,"[i][/i]","RS_U",,
"U","U",,#NAME?,,,,,,,"","",,,,,60,35,#NAME?,#NAME?,#NAME?,#NAME?,"[i][/i]","RS_U",,
"U","U",,#NAME?,,,,,,,"","",,,,,60,35,#NAME?,#NAME?,#NAME?,#NAME?,"[i][/i]","RS_U",,
"U","U",,#NAME?,,,,,,,"","",,,,,60,35,#NAME?,#NAME?,#NAME?,#NAME?,"[i][/i]","RS_U",,
"BC_001","Hospital Press Manager","2B",#NAME?,"Melee","Asset","Human Doctor","2","<center>Whenever another combatant enters the battlefield, your commander gains 1 loyalty.</center>",,0,5,,,,,60,35,#NAME?,#NAME?,#NAME?,#NAME?,"[i]Asset[/i]","RS_BC_001","22B",
"C","C",,#NAME?,,,,,,,"","",,,,,60,35,#NAME?,#NAME?,#NAME?,#NAME?,"[i][/i]","RS_C",,
"C","C",,#NAME?,,,,,,,"","",,,,,60,35,#NAME?,#NAME?,#NAME?,#NAME?,"[i][/i]","RS_C",,
"C","C",,#NAME?,,,,,,,"","",,,,,60,35,#NAME?,#NAME?,#NAME?,#NAME?,"[i][/i]","RS_C",,
"C","C",,#NAME?,,,,,,,"","",,,,,60,35,#NAME?,#NAME?,#NAME?,#NAME?,"[i][/i]","RS_C",,
"C","C",,#NAME?,,,,,,,"","",,,,,60,35,#NAME?,#NAME?,#NAME?,#NAME?,"[i][/i]","RS_C",,
"C","C",,#NAME?,,,,,,,"","",,,,,60,35,#NAME?,#NAME?,#NAME?,#NAME?,"[i][/i]","RS_C",,
"C","C",,#NAME?,,,,,,,"","",,,,,60,35,#NAME?,#NAME?,#NAME?,#NAME?,"[i][/i]","RS_C",,
"C","C",,#NAME?,,,,,,,"","",,,,,60,35,#NAME?,#NAME?,#NAME?,#NAME?,"[i][/i]","RS_C",,
"M_CMDR_GP_001","M_CMDR_GP_001",,#NAME?,,,"Megacorp New Hire (landfall) midrange","Megacorp New Hire (landfall) midrange","Megacorp New Hire (landfall) midrange","Megacorp New Hire (landfall) midrange",#VALUE!,#VALUE!,,,"Megacorp New Hire (landfall) midrange",,60,35,#NAME?,#NAME?,#NAME?,#NAME?,"[i][/i]","RS_M_CMDR_GP_001",,
"MR_GP_001","Corporate Ascension","GP",#NAME?,,"Asset","Latent","10","<p><center>If ~ has seen 20 generators enter the battlefield, you win the game.</center></p>",,"","",,,"Is this card super incredibly busted?",,60,35,#NAME?,#NAME?,#NAME?,#NAME?,"[i]Asset[/i]","RS_MR_GP_001","2GP",
"MR_GP_002","Construct Legion","5GGPP",#NAME?,,"R. Effect",,"10","<center>(This effect can only be deployed if you control a renowned asset.)</center><p><u>Retribution</u> (When you draw ~ as a result of taking damage, you may deploy it without paying its cost.)</p><p>Choose an opponent, create a copy of every non-human combatant they control.</p>",,"","",,,,,60,35,#NAME?,#NAME?,#NAME?,#NAME?,"[i]R. Effect[/i]","RS_MR_GP_002",,
"MR_GP_003","Exalink Hiring Manager","1GGP",#NAME?,"Melee","Asset",,"10","Whenever you hire a card as a generator, at the beginning of your next turn, you may put a card from your hand into play as a generator. (This additional generator does not trigger this effect)",,1,1,,,,,60,35,#NAME?,#NAME?,#NAME?,#NAME?,"[i]Asset[/i]","RS_MR_GP_003",,
"Y","Y",,#NAME?,,,,,,,"","",,,,,60,35,#NAME?,#NAME?,#NAME?,#NAME?,"[i][/i]","RS_Y",,
"MU_GP_001","Storehouse Raid","3GP",#NAME?,,"Asset","<u>Discovery</u>","5","<center>(When ~ enters the battlefield or at the beginning of your turn, progress to the next phase unless the final phase has been reached.)</center><p><b><i>1)</i></b> Choose a commander; double its loyalty.</p><p><b><i>2)</i></b> Choose a commander; its loyalty is reduced by a quarter.</p><p><b><i>Final)</i></b> At the beginning of each turn you may choose an opponent to draw a card, if you do you may hire an additional generator that turn.</p>",,"","",,,,,60,35,#NAME?,#NAME?,#NAME?,#NAME?,"[i]Asset[/i]","RS_MU_GP_001",,
"MU_GP_002","く, Corporate Hacker","GPP",#NAME?,,"R. Asset","Human <u>Hacker</u> Enigma","5","(Becomes <i>'く's Hack'</i> if you already control ~@)<p><u>Hacker</u> (If ~@ would deal damage to a commander, its owner instead puts that many cards from their deck into their discard.)</p><p>Whenever you hire a card as a generator, create a <i>''Professional' Virus'</i> in your hand.</p>",,1,1,,,,,60,35,#NAME?,#NAME?,#NAME?,#NAME?,"[i]R. Asset[/i]","RS_MU_GP_002",,
"MU_GP_002b","'Professional' Virus",0,"Purple",,"Effect","Virus <u>Response</u> <u>Transient</u>","0","<p>As an additional cost to deploy ~ <u>Forfeit</u> (Put the specified cards into their owners' discards.) any number of generators you control.</p><p><u>Card Hack</u> (Choose a card on the stack; send it to its owner's discard, none of its effects happen.), unless its controller pays [X] (X is the number of generators forfeited).</p>",,,,,,,,60,35,#NAME?,#NAME?,#NAME?,#NAME?,"[i]Effect[/i]","RS_MU_GP_002b",,
"MU_GP_002c","く's Hack","GP",#NAME?,,"R. Effect","Virus <u>Response</u> <u>Personal</u>","0","<center>(This effect can only be deployed if you control a renowned asset.)</center><p><u>Card or Effect Hack</u> (Choose a card or effect on the stack; send it to its owner's discard, none of its effects happen.), that card's owner draws a card.</p><p><u>Personal</u> (Shuffle <i>'く, Corporate Hacker'</i> into your deck.)</p>",,,,,,,,60,35,#NAME?,#NAME?,#NAME?,#NAME?,"[i]R. Effect[/i]","RS_MU_GP_002c",,
"U","U",,#NAME?,,,,,"exchange, append, go second, decision",,"","",,,,,60,35,#NAME?,#NAME?,#NAME?,#NAME?,"[i][/i]","RS_U",,
"U","U",,#NAME?,,,,,,,"","",,,,,60,35,#NAME?,#NAME?,#NAME?,#NAME?,"[i][/i]","RS_U",,
"U","U",,#NAME?,,,,,,,"","",,,,,60,35,#NAME?,#NAME?,#NAME?,#NAME?,"[i][/i]","RS_U",,
"U","U",,#NAME?,,,,,,,"","",,,,,60,35,#NAME?,#NAME?,#NAME?,#NAME?,"[i][/i]","RS_U",,
"MC_GP_001","Strategic Refund","__","Multicolor",,"Effect",,"3","<center>([_] can be paid with either [G] or [P].)</center><p><u>Prepare 2 -- [_]</u> (Pay [_] and put ~ into your deck second from the top. When you would draw ~, instead deploy it without paying its cost.)</p><p>Choose a card to return to an opponent's hand.</p>",,"","",,,,,60,35,#NAME?,#NAME?,#NAME?,#NAME?,"[i]Effect[/i]","RS_MC_GP_001",,
"C","C",,#NAME?,,,,,,,"","",,,,,60,35,#NAME?,#NAME?,#NAME?,#NAME?,"[i][/i]","RS_C",,
"C","C",,#NAME?,,,,,,,"","",,,,,60,35,#NAME?,#NAME?,#NAME?,#NAME?,"[i][/i]","RS_C",,
"C","C",,#NAME?,,,,,,,"","",,,,,60,35,#NAME?,#NAME?,#NAME?,#NAME?,"[i][/i]","RS_C",,
"C","C",,#NAME?,,,,,,,"","",,,,,60,35,#NAME?,#NAME?,#NAME?,#NAME?,"[i][/i]","RS_C",,
"C","C",,#NAME?,,,,,,,"","",,,,,60,35,#NAME?,#NAME?,#NAME?,#NAME?,"[i][/i]","RS_C",,
"C","C",,#NAME?,,,,,,,"","",,,,,60,35,#NAME?,#NAME?,#NAME?,#NAME?,"[i][/i]","RS_C",,
"C","C",,#NAME?,,,,,,,"","",,,,,60,35,#NAME?,#NAME?,#NAME?,#NAME?,"[i][/i]","RS_C",,
"C","C",,#NAME?,,,,,,,"","",,,,,60,35,#NAME?,#NAME?,#NAME?,#NAME?,"[i][/i]","RS_C",,
"M_CMDR_BP_001","M_CMDR_BP_001",,#NAME?,,,"vehicle AI control","vehicle AI control","vehicle AI control","vehicle AI control",#VALUE!,#VALUE!,,,"vehicle AI midrange",,60,35,#NAME?,#NAME?,#NAME?,#NAME?,"[i][/i]","RS_M_CMDR_BP_001",,
"Y","Y",,#NAME?,,,,,"prepare, exchange, append, go second, retribution, discovery, decision",,"","",,,,,60,35,#NAME?,#NAME?,#NAME?,#NAME?,"[i][/i]","RS_Y",,
"Y","Y",,#NAME?,,,,,,,"","",,,,,60,35,#NAME?,#NAME?,#NAME?,#NAME?,"[i][/i]","RS_Y",,
"Y","Y",,#NAME?,,,,,,,"","",,,,,60,35,#NAME?,#NAME?,#NAME?,#NAME?,"[i][/i]","RS_Y",,
"Y","Y",,#NAME?,,,,,,,"","",,,,,60,35,#NAME?,#NAME?,#NAME?,#NAME?,"[i][/i]","RS_Y",,
"U","U",,#NAME?,,,,,,,"","",,,,,60,35,#NAME?,#NAME?,#NAME?,#NAME?,"[i][/i]","RS_U",,
"U","U",,#NAME?,,,,,,,"","",,,,,60,35,#NAME?,#NAME?,#NAME?,#NAME?,"[i][/i]","RS_U",,
"U","U",,#NAME?,,,,,,,"","",,,,,60,35,#NAME?,#NAME?,#NAME?,#NAME?,"[i][/i]","RS_U",,
"U","U",,#NAME?,,,,,,,"","",,,,,60,35,#NAME?,#NAME?,#NAME?,#NAME?,"[i][/i]","RS_U",,
"U","U",,#NAME?,,,,,,,"","",,,,,60,35,#NAME?,#NAME?,#NAME?,#NAME?,"[i][/i]","RS_U",,
"U","U",,#NAME?,,,,,,,"","",,,,,60,35,#NAME?,#NAME?,#NAME?,#NAME?,"[i][/i]","RS_U",,
"C","C",,#NAME?,,,,,,,"","",,,,,60,35,#NAME?,#NAME?,#NAME?,#NAME?,"[i][/i]","RS_C",,
"C","C",,#NAME?,,,,,,,"","",,,,,60,35,#NAME?,#NAME?,#NAME?,#NAME?,"[i][/i]","RS_C",,
"C","C",,#NAME?,,,,,,,"","",,,,,60,35,#NAME?,#NAME?,#NAME?,#NAME?,"[i][/i]","RS_C",,
"C","C",,#NAME?,,,,,,,"","",,,,,60,35,#NAME?,#NAME?,#NAME?,#NAME?,"[i][/i]","RS_C",,
"C","C",,#NAME?,,,,,,,"","",,,,,60,35,#NAME?,#NAME?,#NAME?,#NAME?,"[i][/i]","RS_C",,
"C","C",,#NAME?,,,,,,,"","",,,,,60,35,#NAME?,#NAME?,#NAME?,#NAME?,"[i][/i]","RS_C",,
"C","C",,#NAME?,,,,,,,"","",,,,,60,35,#NAME?,#NAME?,#NAME?,#NAME?,"[i][/i]","RS_C",,
"C","C",,#NAME?,,,,,,,"","",,,,,60,35,#NAME?,#NAME?,#NAME?,#NAME?,"[i][/i]","RS_C",,
"C","C",,#NAME?,,,,,,,"","",,,,,60,35,#NAME?,#NAME?,#NAME?,#NAME?,"[i][/i]","RS_C",,
"MU_RY_005","To The Death!","2RY","Multicolor",,"Asset","Latent","7","Choose 2 combatants controlled by different players; they can't attack not intercept anything but each other. When the first one dies, its owner must <u>forfeit</u> an asset (other than ~).",,"","",,,,,60,35,#NAME?,#NAME?,#NAME?,#NAME?,"[i]Asset[/i]","RS_MU_RY_005","22RY",
"MR_OY_002","Stabilizing Manager","2ROO","Multicolor","Melee","Asset","Human Manager","9","<p><center><u>Armed -- 'CCW'</u> (~ enters the battlefield with a transient <i>'CCW'</i> attached to it.)</center></p><p><i>Strength in Numbers</i> -- Whenever ~ attacks, choose another combatant; until end of turn, its attack power is set equal to its health.</p>",,4,4,,,,,60,35,#NAME?,#NAME?,#NAME?,#NAME?,"[i]Asset[/i]","RS_MR_OY_002","4RO",
"MR_ROYGBP_001","The Banana Peel","X","Multicolor",,"Effect","Virtual","9","<center><u>Retribution</u> (When you draw ~ as a result of taking damage, you may deploy it without paying its cost, if you do X is instead based on the energy types of the damage source.)</center><p>Choose an asset; it permanently gains <u>sluggish</u> (The specified asset deals combat damage after assets without sluggish.) and -X/-X (where X is twice the number of unique types of energy spent to deploy ~.)</p>",,"","",,,,,60,35,#NAME?,#NAME?,#NAME?,#NAME?,"[i]Effect[/i]","RS_MR_ROYGBP_001",,
